T,err,phase,pos,neg,A_bkgd,pos,neg,field,pos,neg,rlx_ag,pos,neg,alpha,pos,neg,beta,pos,neg,A_sample,pos,neg,rlx_static,pos,neg,A_plateau,pos,neg,phaseCe1,pos,neg,fieldCe1,pos,neg,A_Ce1,pos,neg,rlx_Ce1,pos,neg,phaseCe2,pos,neg,fieldCe2,pos,neg,A_Ce2,pos,neg,rlx_Ce2,pos,neg,betaExp,pos,neg,CHISQ,NDF,CHISQRED,RUN,A_static,pos
0.019,0,0,0,0,0.13877,0,0,0,0,0,0.0091,0,0,1.0746,0,0,1.259,0,0,0.06371,0,0,0.417,0.029,0.032,0.0086,0.0019,0.0023,0,0,0,120.6,4.6,4.1,0.00396,0.00077,0.00075,1.05,0.41,0.31,0,0,0,48.7,1.3,1.2,0.00134,0.00066,0.00033,1.80E-05,0.201,1.80E-05,1.054,0.081,0.068,364.6,348,1.0477,"5,813",0.05841,0.002153718
0.227,0,0,0,0,0.13877,0,0,0,0,0,0.0091,0,0,1.0746,0,0,1.259,0,0,0.06371,0,0,0.44,0.025,0.03,0.0103,0.0018,0.0023,0,0,0,132,2.8,3.5,0.00451,0.00081,0.00095,0.91,0.41,0.31,0,0,0,48.4,3.2,1.8,0.0028,0.0032,0.0012,0.38,1.1,0.43,1.14,0.18,0.12,347.7,348,0.999138,"5,812",0.0564,0.003759801
0.423,0,0,0,0,0.13877,0,0,0,0,0,0.0091,0,0,1.0746,0,0,1.259,0,0,0.06371,0,0,0.483,0.023,0.024,0.0146,0.0011,0.0013,0,0,0,135.5,3,3.8,0.0038,0.0011,0.0012,0.8,0.53,0.38,0,0,0,47.2,2.8,4.4,0.007,0.0032,0.0024,1.14,0.77,0.51,1.46,0.22,0.18,395.6,348,1.13678,"5,816",0.05291,0.003558089
0.999,0,0,0,0,0.13877,0,0,0,0,0,0.0091,0,0,1.0746,0,0,1.259,0,0,0.06371,0,0,0.476,0.024,0.026,0.013,0.0013,0.0016,0,0,0,110,4.2,4,0.00526,0.00084,0.00085,1.32,0.45,0.34,0,0,0,47.4,1.2,1.1,0.00143,0.00056,0.00034,0,3.2,3.2,1.179,0.094,0.085,337.8,348,0.97069,"5,811",0.05702,0.001645965
2.05,0,0,0,0,0.13877,0,0,0,0,0,0.0091,0,0,1.0746,0,0,1.259,0,0,0.06371,0,0,0.449,0.019,0.019,0.0177,0.0012,0.0013,0,0,0,0,0,0,0,0,0,0,0,0,0,0,0,0,0,0,0,0,0,0,0,0,1.521,0.073,0.07,436.1,354,1.23192,"5,810",0.06371,0.0012
4.012,0,0,0,0,0.13877,0,0,0,0,0,0.0091,0,0,1.0746,0,0,1.259,0,0,0.06371,0,0,0.2763,0.0035,0.0027,5.40E-11,0.000617,5.40E-11,0,0,0,0,0,0,0,0,0,0,0,0,0,0,0,0,0,0,0,0,0,0,0,0,1.937,0.043,0.042,304.3,354,0.859605,"5,809",0.06371,0.000617
